{"playerData":{"playerStats":[100.0,1983.0,97.0],"playerPositionAndRotation":[55.741241455078128,1.9299997091293336,29.469472885131837,0.09065533429384232,-0.209589421749115,0.019519979134202005],"inventoryContent":["Axe"],"quickSlotcontent":["Axe"]},"environmentData":{"pickedupItems":["Raw Meat_Model(Clone)","Stick"],"treeData":[],"animals":["BigWhiteRabbit","BigWhiteRabbit","BigWhiteRabbit (1)"],"storage":[]}}