{"playerData":{"playerStats":[100.0,1984.0,99.0],"playerPositionAndRotation":[53.02405548095703,1.9299997091293336,34.6650276184082,-0.0162061620503664,-0.1429453045129776,-0.0023409517016261818],"inventoryContent":["Axe"],"quickSlotcontent":[]},"environmentData":{"pickedupItems":[],"treeData":[{"name":"Tree_Parent","position":{"x":37.6519775390625,"y":0.0,"z":9.485090255737305},"rotation":{"x":0.0,"y":0.0,"z":0.0}},{"name":"Tree_Parent","position":{"x":29.4599609375,"y":0.0,"z":3.3824563026428224},"rotation":{"x":0.0,"y":0.0,"z":0.0}},{"name":"Tree_Parent","position":{"x":50.2744140625,"y":0.0,"z":7.4649786949157719},"rotation":{"x":0.0,"y":0.0,"z":0.0}},{"name":"Tree_Parent","position":{"x":7.38299560546875,"y":0.0,"z":32.470428466796878},"rotation":{"x":0.0,"y":0.0,"z":0.0}}],"animals":["BigWhiteRabbit","BigWhiteRabbit","BigWhiteRabbit (1)","BigWhiteRabbit (2)"],"storage":[]}}