{"playerData":{"playerStats":[100.0,1914.0,95.0],"playerPositionAndRotation":[30.183034896850587,1.9299997091293336,15.228628158569336,-0.046816933900117877,0.36405664682388308,-0.018326526507735254],"inventoryContent":["Stick","Stick","Stone","Stick","Stone","Stick","Stick","Stick","Stick","Stick","Stone"],"quickSlotcontent":["Axe"]},"environmentData":{"pickedupItems":["Stone","Stick (4)","Stone (1)","Stick (5)","Stick (2)","Stick","Stick (1)","Stick (3)","Stone (2)"]}}