{"playerData":{"playerStats":[100.0,1984.0,98.0],"playerPositionAndRotation":[1556.918212890625,59.62810516357422,1389.7193603515625,-0.1430421620607376,0.7328165173530579,-0.16250015795230866],"inventoryContent":["Axe","Campfire","Tomato Seed","Pumpkin Seed","Watering Can","Stick","Stick","Stick","Stick","Stick","Stone","Stone"],"quickSlotcontent":[]},"environmentData":{"pickedupItems":[],"treeData":[],"animals":[],"storage":[]}}